date,sol_price,msol_price,btc_price,msol_holdings,daily_msol_sold,daily_usd_sold,daily_zbtc_bought,cum_zbtc
2024-01-01,109.91,128.59761552662135,44179.55,1022.1997235277988,0.15405330883839738,19.810888180604085,0.00044841760906582533,0.06282141518499632
2024-01-02,106.73,124.90430145866448,44946.91,1022.0456934324727,0.15403009532610668,19.239021460318856,0.00042803880089463,0.06324945398589095
2024-01-03,98.52,115.3215486866914,42845.23,1021.8916865471609,0.15400688531174248,17.760312522563808,0.0004145225156350849,0.06366397650152604
2024-01-04,104.91,122.82821125915352,44151.1,1021.7377028683661,0.15398367879477767,18.91353982946659,0.0004283820749532082,0.06409235857647924
2024-01-05,99.94,117.035000887837,44145.11,1021.5837423925914,0.15396047577468533,18.018764418982105,0.00040817124295266464,0.06450052981943191
2024-01-06,93.77,109.83367395505286,43968.32,1021.4298051163404,0.15393727625093845,16.907496609274475,0.0003845381540453325,0.06488506797347725
2024-01-07,89.44,104.78486615811516,43929.02,1021.2758910361174,0.1539140802230102,16.127866296017523,0.00036713467079432967,0.06525220264427158
2024-01-08,97.88,114.69801727503916,46951.04,1021.122000148427,0.15389088769037387,17.650979694781615,0.0003759443815255554,0.06562814702579713
2024-01-09,99.36,116.45783445491534,46110.0,1020.9681324497745,0.15386769865250272,17.91909897763196,0.0003886163300288866,0.06601676335582601
2024-01-10,102.0,119.57832794778778,46653.99,1020.8142879366657,0.15384451310887015,18.39646964150021,0.0003943171771910658,0.06641108053301709
2024-01-11,99.9,117.14209054851248,46339.16,1020.6604666056068,0.15382133105894963,18.018952291200193,0.00038884935098521835,0.06679992988400231
2024-01-12,92.12,108.0429885923068,42782.73,1020.5066684531046,0.15379815250221474,16.61681203631465,0.000388399993088675,0.06718832987709099
2024-01-13,95.85,112.4423604793488,42847.99,1020.3528934756664,0.15377497743813906,17.290821445802962,0.0004035386828134286,0.06759186855990441
2024-01-14,93.81,110.07334141600074,41732.35,1020.1991416698002,0.15375180586619633,16.923975020436494,0.000405536113361373,0.06799740467326579
2024-01-15,94.36,110.74295910517849,42511.1,1020.0454130320143,0.1537286377858603,17.024364247614322,0.00040046868341713865,0.06839787335668293
2024-01-16,97.61,114.58233859781171,43137.95,1019.8917075588176,0.1537054731966049,17.611932574150256,0.0004082700400494288,0.06880614339673236
2024-01-17,102.1,119.87932490346734,42776.1,1019.7380252467198,0.15368231209790403,18.423331823900707,0.00043069218147284835,0.0692368355782052
2024-01-18,94.4,110.86276810367332,41327.5,1019.5843660922305,0.15365915448923176,17.035079211146215,0.00041219718616287494,0.06964903276436808
2024-01-19,93.62,109.97083891017652,41659.03,1019.4307300918605,0.15363600037006214,16.895479847499924,0.00040556584844870185,0.07005459861281678
2024-01-20,92.88,109.12550975184188,41696.04,1019.2771172421207,0.1536128497398694,16.76308053229634,0.000402030517341607,0.07045662913015839
2024-01-21,91.09,107.04588034693283,41580.33,1019.1235275395226,0.1535897025981278,16.441144926840188,0.0003954067927512886,0.07085203592290967
2024-01-22,83.84,98.54752082174828,39568.02,1018.9699609805782,0.15356655894431162,15.133603665088783,0.00038247058268492547,0.0712345065055946
2024-01-23,84.35,99.1687177418921,39897.6,1018.8164175618003,0.15354341877789535,15.226703957910239,0.00038164460914717275,0.07161615111474177
2024-01-24,88.77,104.38810366320531,40084.88,1018.662897279702,0.1535202820983535,16.025691122087448,0.0003997939153637843,0.07201594503010555
2024-01-25,86.91,102.2232573397127,39961.09,1018.5094001307967,0.15349714890516059,15.690978553444431,0.00039265642036902476,0.07240860145047458
2024-01-26,92.28,108.56322321603852,41823.51,1018.3559261115989,0.1534740191977913,16.6616342040324,0.00039837962437950326,0.07280698107485407
2024-01-27,94.28,110.9404426435846,42120.63,1018.2024752186232,0.1534508929757204,17.02390999077975,0.00040417035525773835,0.07321115143011181
2024-01-28,95.98,112.96560783950753,42031.06,1018.0490474483848,0.1534277702384227,17.33206132444372,0.00041236317438683967,0.07362351460449865
2024-01-29,101.68,119.70056844918096,43302.7,1017.8956427973994,0.15340465098537306,18.362623925697363,0.00042405263241546983,0.07404756723691412
2024-01-30,101.4,119.39710803390426,42941.1,1017.7422612621834,0.1533815352160465,18.313311730596396,0.00042647514224359407,0.07447404237915771
2024-01-31,96.96,114.19409234148452,42580.0,1017.5889028392535,0.15335842292991805,17.5126259094035,0.00041128759768444104,0.07488532997684215
2024-02-01,97.81,115.22042329797834,43082.94,1017.435567525127,0.15333531412646287,17.66735980017953,0.0004100778591289157,0.07529540783597106
2024-02-02,100.58,118.5094591723797,43200.0,1017.2822553163219,0.15331220880515614,18.168946950022004,0.0004205774756949538,0.07571598531166601
2024-02-03,97.96,115.44771425517604,43011.09,1017.1289662093565,0.15328910696547318,17.696877019381063,0.00041144916391054175,0.07612743447557656
2024-02-04,95.49,112.56143809526692,42582.88,1016.9757002007495,0.15326600860688935,17.251842339913022,0.00040513563995467247,0.07653257011553123
2024-02-05,95.66,112.78654514677676,42708.7,1016.8224572870207,0.15324291372888008,17.283738807705948,0.0004046889464606965,0.07693725906199193
2024-02-06,96.88,114.2500041838735,43098.95,1016.6692374646898,0.15321982233092094,17.505365342360072,0.0004061668635166303,0.07734342592550857
2024-02-07,101.14,119.29993889025673,44349.6,1016.5160407302773,0.15319673441248752,18.276361053596652,0.00041209753985597735,0.07775552346536455
2024-02-08,102.76,121.23738067862108,45288.65,1016.3628670803042,0.1531736499730555,18.570372111717187,0.0004100447266968034,0.07816556819206134
2024-02-09,106.94,126.19664423036164,47132.77,1016.2097165112921,0.15315056901210064,19.32708787129751,0.0004100562702191599,0.0785756244622805
2024-02-10,109.01,128.66758326014033,47751.09,1016.056589019763,0.15312749152909882,19.702544265736755,0.000412609309352661,0.07898823377163317
2024-02-11,107.46,126.86587458820368,48299.99,1015.9034846022395,0.15310441752352594,19.423725832439615,0.00040214761602310096,0.07939038138765626
2024-02-12,111.64,131.82961590662592,49917.27,1015.7504032552446,0.153081346994858,20.180655176801054,0.0004042820285805104,0.07979466341623677
2024-02-13,112.48,132.85063787677328,49699.59,1015.597344975302,0.15305827994257112,20.333890122692306,0.0004091359732080749,0.08020379938944484
2024-02-14,116.97,138.18407751446463,51795.17,1015.4443097589359,0.1530352163661414,21.14703020078175,0.00040828189579803967,0.08061208128524289
2024-02-15,113.5,134.1141349357654,51880.0,1015.2912976026709,0.15301215626504514,20.521092972142686,0.0003955492091777696,0.08100763049442065
2024-02-16,110.33,130.3969660304047,52124.11,1015.1383085030321,0.15298909963875862,19.94931442861741,0.0003827271953155154,0.08139035768973617
2024-02-17,108.92,128.75872827631096,51642.64,1014.9853424565454,0.15296604648675827,19.69571361509006,0.0003813847164879654,0.08177174240622413
2024-02-18,112.24,132.71251558025585,52137.67,1014.8323994597368,0.15294299680852055,20.297449846841804,0.00038930488928334936,0.08216104729550748
2024-02-19,111.53,131.90191563630967,51774.73,1014.6794795091333,0.152919950603522,20.170434423614402,0.00038958067813418633,0.08255062797364167
2024-02-20,108.31,128.12183023073052,52258.82,1014.5265826012621,0.15289690787123927,19.589431673082565,0.0003748540757920398,0.0829254820494337
2024-02-21,105.03,124.2690908389568,51849.39,1014.373708732651,0.1528738686111491,18.997496665341632,0.00036639768887043094,0.08329187973830414
2024-02-22,101.76,120.4264907845396,51288.42,1014.2208578998283,0.15285083282272824,18.407289410335483,0.0003588975720120738,0.08365077731031621
2024-02-23,99.9,118.2512114251209,50744.15,1014.0680300993229,0.15282780050545358,18.07207254920659,0.0003561410044154172,0.08400691831473163
2024-02-24,104.01,123.14318557733944,51568.22,1013.9152253276641,0.15280477165880207,18.81686635348284,0.00036489268688123886,0.08437181100161287
2024-02-25,103.47,122.5306999010581,51728.85,1013.7624435813818,0.15278174628225077,18.720454304070067,0.00036189581450332003,0.0847337068161162
2024-02-26,109.9,130.1737257015699,54476.47,1013.6096848570065,0.15275872437527674,19.885172285348997,0.00036502314275042044,0.08509872995886661
2024-02-27,108.36,128.37776670463646,57037.34,1013.4569491510691,0.15273570593735716,19.607868824293995,0.0003437724975304598,0.08544250245639706
2024-02-28,119.03,141.0497857928409,62432.1,1013.3042364601012,0.15271269096796933,21.540092348880385,0.0003450163032939848,0.08578751875969105
2024-02-29,125.68,148.9626352881782,61130.98,1013.1515467806346,0.1526896794665906,22.745057034650568,0.00037207087199731735,0.08615958963168838
2024-03-01,129.43,153.44095870493402,62387.9,1012.9988801092019,0.15266667143269838,23.4253204269244,0.0003754785852212432,0.08653506821690962
2024-03-02,130.02,154.1741956253654,61987.28,1012.8462364423361,0.15264366686577016,23.533714556336356,0.00037965393152169857,0.08691472214843132
2024-03-03,130.16,154.3740318246575,63113.97,1012.6936157765708,0.15262066576528355,23.560667513950296,0.0003733035255736614,0.08728802567400498
2024-03-04,133.27,158.09723775041928,68245.71,1012.5410181084401,0.15259766813071615,24.125269818621412,0.00035350602724510316,0.08764153170125008
2024-03-05,125.31,148.68692905849474,63724.01,1012.3884434344785,0.15257467396154578,22.685859723443322,0.0003560017601441485,0.08799753346139423
2024-03-06,130.79,155.2232523811242,66074.04,1012.2358917512213,0.1525516832572502,23.679568431405468,0.000358379303451181,0.08835591276484542
2024-03-07,143.82,170.72483473188842,66823.17,1012.083363055204,0.15252869601730734,26.040436419425244,0.00038969172548122523,0.08874560449032665
2024-03-08,144.79,171.9139670308712,68124.19,1011.9308573429628,0.15250571224119513,26.21786198625235,0.00038485392613478924,0.08913045841646143
2024-03-09,144.29,171.3578501099285,68313.27,1011.7783746110343,0.15248273192839165,26.129113122137746,0.00038248956787074816,0.08951294798433218
2024-03-10,144.39,171.51419336323596,68955.88,1011.625914855956,0.15245975507837506,26.149011912624015,0.0003792136640504626,0.08989216164838264
2024-03-11,148.83,176.82701183065384,72078.1,1011.4734780742654,0.15243678169062352,26.954940599434682,0.0003739685230248117,0.09026613017140744
2024-03-12,151.05,179.503959700704,71452.01,1011.3210642625007,0.15241381176461533,27.358882724826195,0.00038289871376363235,0.09064902888517108
2024-03-13,163.9,194.81726161752957,73072.41,1011.1686734172009,0.15239084529982888,29.688367176893237,0.0004062869580583593,0.09105531584322944
2024-03-14,176.65,210.01837804825928,71388.94,1011.0163055349052,0.1523678822957426,32.000055506399946,0.00044824948383320924,0.09150356532706265
2024-03-15,183.95,218.74524835927508,69499.85,1010.8639606121534,0.15234492275183503,33.32472796362473,0.0004794935235633563,0.091983058850626
2024-03-16,182.05,216.5333008908214,65300.63,1010.7116386454858,0.15232196666758477,32.9827782407138,0.0005050912715652789,0.09248815012219129
2024-03-17,201.86,240.148268403971,68393.48,1010.5593396314433,0.15229901404247048,36.57434450193135,0.0005347636134603964,0.09302291373565169
2024-03-18,195.92,233.13267136293223,67609.99,1010.4070635665673,0.15227606487597092,35.500525789170275,0.0005250781103379881,0.09354799184598968
2024-03-19,169.82,202.11957758522448,61937.4,1010.2548104473998,0.15225311916756495,30.773336132181072,0.0004968457851343626,0.09404483763112403
2024-03-20,191.77,228.29446966967015,67840.51,1010.102580270483,0.1522301769167315,34.75330750692528,0.0005122795731772253,0.09455711720430127
2024-03-21,179.46,213.6867351138756,65501.27,1009.9503730323601,0.1522072381229495,32.5246677751933,0.0004965501855947725,0.09505366738989604
2024-03-22,175.21,208.671898463641,63796.64,1009.7981887295743,0.1521843027856981,31.756587378657198,0.0004977783685576105,0.09555144575845365
2024-03-23,172.65,205.66805343911312,63990.01,1009.6460273586699,0.15216137090445642,31.294732962546455,0.0004890565412092677,0.09604050229966292
2024-03-24,183.88,219.09371906205865,67209.99,1009.4938889161912,0.1521384424787037,33.33257717496828,0.0004959467658746605,0.09653644906553759
2024-03-25,188.99,225.23165851431972,69880.01,1009.3417733986832,0.15211551750791924,34.26123029407269,0.0004902865682771466,0.09702673563381473
2024-03-26,190.46,227.0333028154288,69988.0,1009.1896808026917,0.15209259599158242,34.530084401741604,0.000493371497995965,0.0975201071318107
2024-03-27,186.33,222.15891646164036,69469.99,1009.0376111247625,0.15206967792917273,33.783634875415636,0.00048630545182769757,0.09800641258363839
2024-03-28,189.63,226.14301970613195,70780.6,1008.8855643614423,0.1520467633201697,34.38431419376672,0.0004857872664793279,0.09849219985011771
2024-03-29,192.01,229.03147341325476,69850.54,1008.7335405092783,0.15202385216405295,34.818246855091864,0.0004984678265206235,0.09899066767663833
2024-03-30,194.2,231.6944988299366,69582.18,1008.5815395648181,0.1520009444603022,35.21778264840675,0.0005061322115577113,0.09949679988819604
2024-03-31,202.45,241.5902789705161,71280.01,1008.4295615246097,0.15197804020839725,36.71641713133901,0.0005151011781751856,0.10001190106637123
2024-04-01,192.24,229.45662922229988,69649.8,1008.2776063852018,0.1519551394078179,34.867114081522566,0.0005006060904916104,0.10051250715686284
2024-04-02,181.53,216.7207208946367,65463.99,1008.1256741431438,0.15193224205804412,32.92686502595777,0.0005029767514317073,0.10101548390829455
2024-04-03,185.05,220.971516314052,65963.28,1007.9737647949852,0.15190934815855592,33.567639004875346,0.0005088837153773333,0.10152436762367188
2024-04-04,184.0,219.76584982765675,68487.79,1007.8218783372763,0.15188645770883338,33.37945645569422,0.0004873782093960722,0.10201174583306795
2024-04-05,174.37,208.30962099869657,67820.62,1007.670014766568,0.1518635707083567,31.634642857766544,0.0004664457927067984,0.10247819162577475
2024-04-06,178.68,213.5053108649235,68896.0,1007.5181740794114,0.15184068715660615,32.41879311331479,0.000470546811328884,0.10294873843710363
2024-04-07,179.52,214.55604526396704,69360.39,1007.3663562723584,0.151817807053062,32.573428281952985,0.00046962579480814605,0.10341836423191178
2024-04-08,180.68,215.98976667121175,71620.0,1007.2145613419613,0.1517949303972047,32.78615159836507,0.0004577792739229974,0.10387614350583478
2024-04-09,172.42,206.16071491405265,69146.0,1007.0627892847727,0.15177205718851472,31.28943581396068,0.00045251259384433923,0.10432865609967912
2024-04-10,173.31,207.27029736594972,70631.08,1006.9110400973462,0.15174918742647261,31.453099202926218,0.00044531528051002786,0.10477397138018915
2024-04-11,172.37,206.191285973209,70006.23,1006.7593137762357,0.15172632111055903,31.284645265770216,0.0004468837311446455,0.10522085511133379
2024-04-12,153.16,183.2521846023085,67116.52,1006.6076103179954,0.1517034582402547,27.79999013425175,0.00041420488032233716,0.10563505999165612
2024-04-13,138.47,165.7122723320398,63924.51,1006.4559297191804,0.15168059881504042,25.13533669832485,0.00039320343164656014,0.10602826342330268
2024-04-14,151.25,181.0462530912861,65661.84,1006.3042719763461,0.15165774283439706,27.457066092449434,0.0004181586457590807,0.10644642206906177
2024-04-15,138.51,165.83281178385198,63419.99,1006.1526370860482,0.15163489029780558,25.146040222621036,0.00039650022370897625,0.10684292229277075
2024-04-16,136.22,163.126826931765,63793.39,1006.0010250448435,0.151612041204747,24.73199120637839,0.0003876889315080824,0.10723061122427882
2024-04-17,131.84,157.91627255162658,61277.37,1005.8494358492887,0.15158919555470246,23.938400721098212,0.00039065646454960795,0.10762126768882843
2024-04-18,142.07,170.20693369093738,63470.08,1005.6978694959416,0.1515663533471531,25.79764425393607,0.00040645362750347993,0.10802772131633191
2024-04-19,142.5,170.75951364210692,63818.01,1005.54632598136,0.15154351458158025,25.87749684556618,0.00040548893401041775,0.10843321025034233
2024-04-20,151.22,181.24851456135391,64940.59,1005.3948053021026,0.15152067925746524,27.462898040742925,0.0004228926475836288,0.10885610289792597
2024-04-21,148.8,178.38705297685846,64941.15,1005.2433074547282,0.15149784737428942,27.025254525437383,0.0004161499222825186,0.10927225282020848
2024-04-22,156.95,188.1988204256743,66819.32,1005.0918324357967,0.1514750189315344,28.507419886871457,0.0004266343908748466,0.10969888721108333
2024-04-23,154.75,185.6014702285529,66414.0,1004.9403802418681,0.1514521939286817,28.109749862503236,0.000423250366827826,0.11012213757791116
2024-04-24,147.78,177.28075558915094,64289.59,1004.7889508695029,0.151429372365213,26.845513551295856,0.0004175717025306252,0.11053970928044178
2024-04-25,144.84,173.7919376822743,64498.34,1004.6375443152623,0.15140655424061003,26.31323843927198,0.00040796768473842863,0.11094767696518021
2024-04-26,139.23,167.09717582740885,63770.01,1004.4861605757079,0.1513837395543546,25.29579534572466,0.00039667228130785395,0.11134434924648806
2024-04-27,141.31,169.63066335600723,63461.98,1004.334799647402,0.1513609283059286,25.67545467471572,0.00040458010725028936,0.11174892935373835
2024-04-28,137.99,165.68159090893636,63118.62,1004.1834615269071,0.15133812049481402,25.073940568749094,0.0003972510895952588,0.11214618044333362
2024-04-29,137.77,165.4536975728573,63866.0,1004.0321462107866,0.15131531612049287,25.035678551541327,0.0003920032341393124,0.11253818367747292
2024-04-30,126.77,152.27671050515727,60672.0,1003.8808536956041,0.1512925151824473,23.03832653603464,0.0003797192532969844,0.1129179029307699
2024-05-01,134.64,161.76563862902265,58364.97,1003.7295839779239,0.15126971768015954,24.470242485762967,0.00041926248716932376,0.11333716541793923
2024-05-02,137.58,165.33418395614183,59060.61,1003.5783370543107,0.15124692361311182,25.00628669145076,0.0004234004134303855,0.11376056583136962
2024-05-03,143.69,172.71460879212668,62882.01,1003.4271129213299,0.15122413298078657,26.118616967705094,0.0004153591300231194,0.11417592496139274
2024-05-04,146.05,175.58979312641307,63892.04,1003.2759115755473,0.15120134578266617,26.549413026413603,0.00041553553504338885,0.11459146049643613
2024-05-05,145.73,175.24347165097578,64012.0,1003.1247330135291,0.15117856201823315,26.493056047277523,0.00041387639891391495,0.11500533689535004
2024-05-06,152.82,183.80962795427257,63165.19,1002.9735772318421,0.15115578168697014,27.783887995019228,0.0004398607523387364,0.11544519764768878
2024-05-07,148.03,178.08731132613687,62312.08,1002.8224442270538,0.15113300478835978,26.914870475399162,0.00043193664014103144,0.11587713428782981
2024-05-08,142.18,171.08696624252863,61193.03,1002.6713339957319,0.15111023132188484,25.852991045068002,0.0004224826102755167,0.11629961689810532
2024-05-09,152.57,183.62962152042297,63074.01,1002.5202465344448,0.1510874612870281,27.744133332618528,0.0004398663305633894,0.11673948322866871
2024-05-10,146.01,175.7726786954283,60799.99,1002.3691818397615,0.15106469468327252,26.553046040785837,0.00043672780276420833,0.11717621103143293
2024-05-11,145.42,175.1007829382004,60825.99,1002.2181399082514,0.15104193151010106,26.44756046391674,0.0004348069051390161,0.11761101793657194
2024-05-12,143.43,172.7424693286196,61483.99,1002.0671207364844,0.1510191717669968,26.08742464699398,0.0004242962216179201,0.11803531415818987
2024-05-13,147.54,177.7313671495662,62940.08,1001.916124321031,0.15099641545344286,26.836799353224286,0.0004263864830363146,0.11846170064122619
2024-05-14,142.03,171.13134627467466,61577.49,1001.7651506584621,0.1509736625689225,25.836326127438163,0.0004195742003683191,0.11888127484159451
2024-05-15,158.52,191.04194055981495,66206.5,1001.6141997453492,0.15095091311291894,28.83795537036805,0.00043557589315804416,0.11931685073475255
2024-05-16,159.37,192.1084231674984,65235.21,1001.4632715782643,0.15092816708491563,28.994572190243872,0.00044446200434157984,0.11976131273909413
2024-05-17,169.44,204.29180934081305,67024.0,1001.3123661537799,0.150905424484396,30.82874220726069,0.0004599657168665059,0.12022127845596063
2024-05-18,172.4,207.9062049234615,66915.2,1001.161483468469,0.15088268531084356,31.369446491638396,0.0004687940332187365,0.12069007248917937
2024-05-19,169.93,204.97241795247123,66274.01,1001.0106235189053,0.1508599495637419,30.922128634268038,0.00046658001582019923,0.12115665250499957
2024-05-20,186.7,225.2500324567919,71446.62,1000.8597863016627,0.1508372172425748,33.97608807958214,0.0004755450723852597,0.12163219757738483
2024-05-21,178.15,214.98172750155703,70148.34,1000.7089718133159,0.1508144883468259,32.42235923706407,0.00046219709884886905,0.1220943946762337
2024-05-22,176.95,213.5804346813437,69166.62,1000.5581800504399,0.15079176287597912,32.206170261417725,0.0004656316914346505,0.12256002636766836
2024-05-23,176.16,212.6734998690101,67969.65,1000.4074110096103,0.15076904082951836,32.06457958510735,0.000471748487525055,0.12303177485519341
2024-05-24,167.7,202.50433123384536,68549.99,1000.2566646874034,0.1507463222069276,30.526783164475646,0.0004453214823878989,0.1234770963375813
2024-05-25,168.35,203.3337882864473,69290.57,1000.1059410803957,0.15072360700769094,30.647201997071512,0.00044229975301215605,0.12391939609059346
2024-05-26,163.41,197.41049554242036,68507.67,999.9552401851645,0.15070089523129251,29.74993840629583,0.00043425704605478234,0.12435365313664824
2024-05-27,170.15,205.59793082369424,69436.43,999.8045619982872,0.15067818687721657,30.979123442221645,0.0004461508669472444,0.12479980400359549
2024-05-28,168.68,203.86635394647075,68398.39,999.6539065163423,0.1506554819449474,30.71358380616478,0.0004490395725128147,0.1252488435761083
2024-05-29,168.32,203.47584624715745,67652.42,999.5032737359084,0.1506327804339694,30.650132471364188,0.0004530530093581898,0.1257018965854665
2024-05-30,166.88,201.7792992126477,68352.17,999.3526636535646,0.15061008234376702,30.389996869684474,0.0004446091012133847,0.12614650568667987
2024-05-31,165.65,200.33597126789616,67540.01,999.2020762658908,0.15058738767382482,30.168070570330908,0.00044666961953856554,0.12659317530621844
2024-06-01,166.14,200.9726130389612,67766.85,999.0515115694672,0.15056469642362738,30.259380471674334,0.00044652186831281565,0.12703969717453126
2024-06-02,163.15,197.39899107803564,67765.63,998.9009695608745,0.15054200859265945,29.716840611051946,0.00043852378574584113,0.1274782209602771
2024-06-03,164.89,199.5479846305655,68809.9,998.7504502366941,0.15051932418040576,30.035827788154716,0.00043650445340212264,0.12791472541367924
2024-06-04,171.78,207.9317476103215,70537.84,998.5999535935077,0.15049664318635117,31.293030027224983,0.00044363465095082275,0.12835836006463006
2024-06-05,173.54,210.10818725362597,71108.0,998.4494796278977,0.15047396560998064,31.615812143177486,0.00044461681024888177,0.12880297687487893
2024-06-06,170.15,206.04900113801915,70799.06,998.299028336447,0.15045129145077912,31.00033832335804,0.0004378636993677323,0.12924084057424667
2024-06-07,162.5,196.8281011841052,69355.6,998.1485997157388,0.15042862070823176,29.608579777745227,0.00042690972001893467,0.1296677502942656
2024-06-08,157.83,191.2134649853853,69310.46,997.998193762357,0.15040595338182366,28.75964350056883,0.00041493944060635047,0.13008268973487197
2024-06-09,162.12,196.45391472023684,69648.14,997.847810472886,0.1503832894710401,29.5433859250924,0.00042418054416230503,0.13050687027903426
2024-06-10,159.05,192.77599046104004,69540.0,997.6974498439106,0.1503606289753664,28.985919177071214,0.00041682368675684803,0.13092369396579112
2024-06-11,149.31,181.01032268124848,67314.24,997.5471118720163,0.1503379718942879,27.21272480382952,0.0004042640131394118,0.13132795797893054
2024-06-12,155.22,188.21633116694537,68263.99,997.396796553789,0.15031531822729013,28.291797714932418,0.00041444688063109724,0.13174240485956165
2024-06-13,147.29,178.6397342894642,66773.01,997.2465038858152,0.15029266797385862,26.84824227250477,0.0004020822525823648,0.13214448711214402
2024-06-14,143.05,173.53530421316958,66043.99,997.0962338646817,0.150270021133479,26.077153831517702,0.0003948452210642891,0.1325393323332083
2024-06-15,145.52,176.57037638567198,66228.25,996.945986486976,0.15024737770563698,26.529236032444544,0.00040057280741140745,0.1329399051406197
2024-06-16,151.3,183.6239232482531,66676.87,996.7957617492863,0.1502247376898183,27.584855703544154,0.0004137095173115378,0.13335361465793125
2024-06-17,143.27,173.91649422878234,66504.33,996.6455596482008,0.1502021010855089,26.122622846588893,0.00039279582016071575,0.13374641047809196
2024-06-18,137.41,166.8395572017841,65175.32,996.4953801803086,0.15017946789219466,25.055875923933307,0.0003844380959530894,0.13413084857404506
2024-06-19,135.62,164.70227816109755,64974.37,996.3452233421992,0.1501568381093616,24.731173318078966,0.0003806296747175689,0.13451147824876264
2024-06-20,133.55,162.22393664027402,64869.99,996.1950891304627,0.1501342117364958,24.355362852278777,0.00037544884548739376,0.13488692709425004
2024-06-21,134.6,163.53521302984905,64143.56,996.0449775416897,0.15011158877308345,24.548530648255298,0.0003827123198066228,0.13526963941405667
2024-06-22,133.69,162.46518963842104,64262.01,995.8948885724711,0.15008896921861078,24.38423284673674,0.0003794502046658164,0.1356490896187225
2024-06-23,128.69,156.42327587821413,63210.01,995.7448222193985,0.15006635307256416,23.47387054670719,0.00037136318356391953,0.13602045280228642
2024-06-24,132.33,160.88296660147827,60293.3,995.5947784790641,0.15004374033442994,24.13948206498497,0.00040036757094046884,0.1364208203732269
2024-06-25,136.58,166.08638755484034,61806.01,995.4447573480604,0.1500211310036946,24.916467705295094,0.0004031398840548855,0.13682396025728177
2024-06-26,136.81,166.40253995344938,60864.99,995.2947588229806,0.14999852507984474,24.96013556255734,0.0004100901940928166,0.1372340504513746
2024-06-27,149.71,182.13277134748017,61706.47,995.1447829004182,0.14997592256236694,27.31553041167897,0.00044266882243756565,0.13767671927381217
2024-06-28,140.03,170.39370717378225,60427.84,994.9948295769675,0.14995332345074797,25.551102685802203,0.00042283660454853596,0.1380995558783607
2024-06-29,140.28,170.73532970513796,60986.68,994.844898849223,0.14993072774447458,25.598472234384143,0.0004197387402361326,0.13851929461859683
2024-06-30,146.61,178.47870719775122,62772.01,994.6949907137799,0.1499081354430336,26.755410212298028,0.00042623153555697876,0.13894552615415381
2024-07-01,146.67,178.59088406520974,62899.99,994.545105167234,0.14988554654591205,26.768192266231576,0.0004255675122719666,0.13937109366642578
2024-07-02,154.03,187.5938031009089,62135.47,994.3952422061815,0.14986296105259692,28.113362807820046,0.00045245272640281057,0.1398235463928286
2024-07-03,140.84,171.56724059955374,60208.58,994.2454018272189,0.1498403789625753,25.707700349000465,0.00042697735686509237,0.14025052374969368
2024-07-04,127.86,155.78951577826894,57050.01,994.0955840269436,0.14981780027533437,23.340042559859747,0.0004091154858668692,0.14065963923556055
2024-07-05,134.32,163.69649775286717,56628.79,993.9457888019532,0.14979522499036138,24.520953711024923,0.00043301214295811234,0.14109265137851865
2024-07-06,143.05,174.37400572778924,58230.13,993.7960161488461,0.14977265310714363,26.116457470771255,0.00044850419311739915,0.14154115557163605
2024-07-07,131.64,160.50070085929096,55857.81,993.6462660642209,0.1497500846251686,24.03499353607769,0.000430288862668939,0.14197144443430498
2024-07-08,139.81,170.49924989581692,56714.62,993.4965385446769,0.14972751954392371,25.528429771000262,0.000450120793738903,0.1424215652280439
2024-07-09,141.42,172.50045592621038,58050.0,993.346833586814,0.14970495786289653,25.824173485763765,0.00044486086969446623,0.14286642609773836
2024-07-10,141.98,173.22148746676694,57725.85,993.1971511872324,0.14968239958157473,25.92820790311535,0.0004491611280408231,0.1433155872257792
2024-07-11,135.73,165.63252336254132,57339.89,993.0474913425329,0.149659844699446,24.788537723615292,0.0004323087770767487,0.14374789600285595
2024-07-12,139.46,170.22157612277715,57889.1,992.897854049317,0.1496372932159981,25.471495897973348,0.0004400050423650281,0.14418790104522097
2024-07-13,141.9,173.23774398407957,59204.02,992.7482393041862,0.149614745130719,25.918920913198814,0.0004377898817208496,0.14462569092694183
2024-07-14,147.66,180.30931581788624,60797.91,992.5986471037431,0.14959220044309657,26.972867313586843,0.0004436479364765473,0.14506933886341838
2024-07-15,159.38,194.66339854228937,64724.14,992.4490774445906,0.14956965915261883,29.115738169460617,0.0004498435694852124,0.1455191824329036
2024-07-16,160.62,196.22090650527176,65043.99,992.2995303233317,0.14954712125877392,29.344271698650417,0.00045114501276213864,0.14597032744566574
2024-07-17,155.5,190.00771136929825,64087.99,992.1500057365707,0.14952458676105,28.41082452390718,0.00044330965168211986,0.14641363709734787
2024-07-18,159.22,194.59587527224625,63987.92,992.0005036809118,0.14950205565893532,29.092483375950593,0.00045465586904451017,0.14686829296639237
2024-07-19,169.13,206.75300825223235,66660.0,991.8510241529599,0.14947952795191824,30.905342076182748,0.00046362649379212044,0.14733191946018448
2024-07-20,173.6,212.2638741970076,67139.96,991.7015671493205,0.1494570036394871,31.7243226183938,0.0004725102996545395,0.147804429759839
2024-07-21,184.49,225.6287170939842,68165.34,991.5521326665993,0.1494344827211305,33.71671062597182,0.0004946312983397695,0.14829906105817878
2024-07-22,178.9,218.8401789065387,67532.01,991.4027207014029,0.1494119651963369,32.6973411943439,0.00048417544797413705,0.1487832365061529
2024-07-23,173.03,211.7060678316487,65936.01,991.2533312503383,0.14938945106459497,31.62665326041391,0.00047965676510322526,0.14926289327125614
2024-07-24,178.06,217.9081353459615,65376.0,991.1039643100129,0.14936694032539347,32.548271448638,0.0004978626934752508,0.14976075596473137
2024-07-25,171.85,210.35449136975544,65799.95,990.9546198770347,0.14934443297822114,31.415272238038238,0.00047743611109185097,0.15023819207582323
2024-07-26,183.06,224.12530223249848,67907.99,990.8052979480121,0.14932192902256688,33.46682247212249,0.0004928259910523413,0.15073101806687558
2024-07-27,183.92,225.22757759124323,67896.5,990.6559985195543,0.14929942845791966,33.626348607334364,0.0004952589398177279,0.1512262770066933
2024-07-28,184.9,226.4773090234937,68249.88,990.5067215882705,0.14927693128376845,33.80783769643286,0.0004953538042328112,0.15172163081092613
2024-07-29,182.57,223.67238980800724,66784.69,990.3574671507708,0.1492544374996024,33.38409672498592,0.0004998764945227106,0.15222150730544884
2024-07-30,179.16,219.54279735525847,66188.0,990.2082352036659,0.1492319471049107,32.76279912218406,0.0004949960585330281,0.15271650336398188
2024-07-31,171.71,210.45967985089908,64628.0,990.0590257435667,0.14920946009918254,31.402575203199458,0.0004858973696106867,0.15320240073359256
2024-08-01,167.37,205.18523723105537,65354.02,989.9098387670848,0.14918697648190732,30.61096516122403,0.0004683868744604239,0.153670787608053
2024-08-02,152.77,187.32759204482704,61498.33,989.7606742708323,0.14916449625257444,27.9426259015744,0.00045436397868973673,0.15412515158674273
2024-08-03,142.52,174.79727707650684,60697.99,989.6115322514216,0.14914201941067337,26.069618890677237,0.00042949723525733286,0.15455464882200007
2024-08-04,138.33,169.6955304509928,58161.0,989.4624127054659,0.14911954595569368,25.304920451562637,0.0004350839987545372,0.1549897328207546
2024-08-05,129.78,159.2417618713984,54018.81,989.3133156295788,0.149097075887125,23.74248105413938,0.0004395224747479513,0.15542925529550256
2024-08-06,144.4,177.21952771554524,56022.01,989.1642410203743,0.1490746092044571,26.41893183759336,0.00047158129166721,0.15590083658716977
2024-08-07,144.77,177.71256423700726,55134.16,989.0151888744672,0.14905214590717972,26.488439054193453,0.00048043606820514633,0.1563812726553749
2024-08-08,163.13,200.294291852681,61685.99,988.8661591884724,0.14902968599478272,29.849795421352418,0.0004838991061236501,0.15686517176149856
2024-08-09,156.28,191.92578091888157,60837.99,988.7171519590056,0.14900722946675612,28.59832887796615,0.00047007353263916427,0.15733524529413773
2024-08-10,154.01,189.1794733322388,60923.51,988.568167182683,0.14898477632258988,28.184861519228956,0.00046262701409076655,0.1577978723082285
2024-08-11,141.57,173.93680992985895,58712.59,988.4192048561213,0.14896232656177416,25.91003188188489,0.0004413028258825729,0.15823917513411107
2024-08-12,146.29,179.77532639871717,59346.64,988.2702649759375,0.1489398801837991,26.77571557382831,0.00045117492032958076,0.15869035005444065
2024-08-13,146.65,180.25722905628515,60587.15,988.1213475387493,0.14891743718815498,26.843444585700208,0.00044305507992536714,0.15913340513436602
2024-08-14,143.71,176.68219669072772,58683.39,987.972452541175,0.1488949975743321,26.307095247693574,0.00044828860854312564,0.15958169374290915
2024-08-15,142.58,175.33135477990166,57541.06,987.8235799798332,0.1488725613418209,26.102027869615473,0.0004536243835204891,0.16003531812642963
2024-08-16,139.04,171.01567335931736,58874.6,987.674729851343,0.14885012849011187,25.45570495335739,0.0004323715991846635,0.1604676897256143
2024-08-17,141.93,174.60856204030532,59491.99,987.5259021523243,0.14882769901869553,25.986590517421785,0.0004368082243915826,0.16090449795000586
2024-08-18,142.42,175.24978420236613,58427.35,987.3770968793973,0.14880527292706258,26.078091968641914,0.00044633364286831277,0.16135083159287417
2024-08-19,144.29,177.5897603777211,59438.5,987.2283140291826,0.14878285021470372,26.422310717943603,0.00044453192321380257,0.16179536351608798
2024-08-20,142.27,175.14195644576566,59013.8,987.0795535983015,0.1487604308811097,26.05419290623265,0.00044149322541901467,0.16223685674150698
2024-08-21,142.79,175.82063175886944,61156.03,986.9308155833756,0.14873801492577146,26.151211750809292,0.00042761460727273,0.1626644713487797
2024-08-22,143.22,176.38875278773926,60375.84,986.7820999810275,0.1487156023481799,26.231759618272843,0.0004344744457099536,0.16309894579448966
2024-08-23,153.26,188.79531746907304,64037.24,986.6334067878797,0.14869319314782609,28.07257860583402,0.0004383789589594121,0.16353732475344906
2024-08-24,160.67,197.96680248934211,64157.01,986.4847360005555,0.14867078732420105,29.431880390145096,0.0004587476939798955,0.16399607244742895
2024-08-25,158.92,195.85348719661775,64220.0,986.3360876156787,0.14864838487679605,29.113304544265482,0.0004533370374379552,0.16444940948486692
2024-08-26,157.12,193.677602352421,62834.0,986.1874616298736,0.14862598580510228,28.785524577997165,0.0004581201989050063,0.16490752968377193
2024-08-27,146.79,180.98374788694412,59415.0,986.038858039765,0.1486035901086111,26.894834687311654,0.0004526606864817244,0.16536019037025365
2024-08-28,143.95,177.52108910370535,59034.9,985.8902768419782,0.14858119778681392,26.37629605144826,0.0004467915767020569,0.1658069819469557
2024-08-29,140.0,172.68773669314987,59359.01,985.741718033139,0.14855880883920222,25.654284464272138,0.00043218855004947246,0.16623917049700518
2024-08-30,137.99,170.2457401459478,59123.99,985.5931816098738,0.14853642326526753,25.28769331742725,0.0004277061361627869,0.16666687663316795
2024-08-31,135.35,167.02522934200158,58973.99,985.4446675688093,0.14851404106450153,24.80559176930581,0.0004206191877013207,0.16708749582086926
2024-09-01,128.5,158.60691638766804,57301.86,985.2961759065729,0.14849166223639593,23.55180465659389,0.00041101291749681234,0.16749850873836608
2024-09-02,134.94,166.5922820087893,59132.13,985.1477066197924,0.1484692867804425,24.73383729297129,0.0004182808448295587,0.16791678958319564
2024-09-03,127.54,157.4910075847643,57487.73,984.9992597050963,0.1484469146961331,23.379054168343558,0.0004066790281742479,0.1683234686113699
2024-09-04,133.64,165.05967787563768,57970.9,984.8508351591133,0.14842454598295973,24.498907748785104,0.00042260699331535484,0.16874607560468527
2024-09-05,129.41,159.8702083167947,56180.0,984.7024329784729,0.14840218064041436,23.725087533649642,0.00042230486887948813,0.16916838047356475
2024-09-06,125.05,154.51782171180568,53962.97,984.5540531598049,0.14837981866798908,22.92732636657039,0.00042487146957571816,0.16959325194314046
2024-09-07,127.71,157.83923354774765,54160.86,984.4056956997397,0.14835746006517608,23.416627787777973,0.0004323533228197996,0.17002560526596025
2024-09-08,130.15,160.8901321160434,54869.95,984.2573605949082,0.14833510483146764,23.865654613781974,0.0004349494507245218,0.17046055471668478
2024-09-09,135.08,167.02114830621204,57042.0,984.1090478419418,0.14831275296635604,24.771366308896344,0.0004342653888169479,0.17089482010550172
2024-09-10,135.63,167.7379582694617,57635.99,983.9607574374725,0.1482904044693337,24.873929676638692,0.0004315694009357468,0.17132638950643747
2024-09-11,132.42,163.80394298469335,57338.0,983.8124893781326,0.14826805933989312,24.286892738562983,0.0004235741173142241,0.1717499636237517
2024-09-12,136.05,168.3311504456575,58132.32,983.664243660555,0.14824571757752683,24.954372188467122,0.0004292684721419534,0.17217923209589364
2024-09-13,139.02,172.04355463556374,60498.0,983.5160202813734,0.14822337918172748,25.500877034519412,0.00042151603415847486,0.1726007481300521
2024-09-14,137.14,169.7541676163646,59993.03,983.3678192372214,0.1482010441519878,25.157744889896787,0.0004193444620132837,0.17302009259206538
2024-09-15,131.37,162.6476068513737,59132.0,983.2196405247336,0.14817871248780048,24.10091297245851,0.0004075781805529749,0.17342767077261836
2024-09-16,131.47,162.8070915676544,58213.99,983.071484140545,0.14815638418865848,24.120910006935507,0.0004143490251559034,0.17384201979777428
2024-09-17,131.54,162.92947946125244,60313.99,982.9233500812909,0.14813405925405473,24.135405164745464,0.00040016263498311857,0.1742421824327574
2024-09-18,134.34,166.43411607808588,61759.99,982.7752383436074,0.1481117376834822,24.650846142139685,0.0003991394127839024,0.17464132184554132
2024-09-19,142.89,177.06552991903322,62947.99,982.627148924131,0.148089419476434,26.221531534996785,0.0004165586786011243,0.17505788052414245
2024-09-20,146.66,181.77704758027707,63201.05,982.4790818194986,0.1480671046324033,26.915201123838237,0.0004258663601924056,0.17548374688433485
2024-09-21,149.41,185.22611076066485,63348.96,982.3310370263476,0.14804479315088337,27.42176125370524,0.0004328683731146532,0.1759166152574495
2024-09-22,144.63,179.33956238725116,63578.76,982.1830145413163,0.14802248503136747,26.546287688998877,0.00041753390108581663,0.17633414915853532
2024-09-23,144.79,179.57731136148695,63339.99,982.035014361043,0.14800018027334905,26.5774744545034,0.0004196002312994271,0.17675374938983474
2024-09-24,152.73,189.46649718238515,64262.7,981.8870364821666,0.14797787887632155,28.03685037117591,0.00043628497357216413,0.1771900343634069
2024-09-25,147.98,183.61420417879987,63152.01,981.7390809013268,0.14795558083977856,27.16674622970803,0.00043018023068003736,0.17762021459408694
2024-09-26,155.55,193.0493948286477,65173.99,981.5911476151635,0.14793328616321363,28.558431368821555,0.0004381875556310356,0.178058402149718
2024-09-27,157.64,195.686124689074,65769.95,981.4432366203174,0.14791099484612055,28.94412938034293,0.0004400813651271277,0.17849848351484512
2024-09-28,156.75,194.62397278406337,65858.0,981.2953479134294,0.14788870688799305,28.782687664439084,0.00043704162993773093,0.17893552514478286
2024-09-29,158.46,196.7902660578195,65602.01,981.1474814911411,0.147866422288325,29.09867258313737,0.0004435637350614314,0.1793790888798443
2024-09-30,152.49,189.4176756726292,63327.59,980.9996373500945,0.1478441410466103,28.004293558865278,0.0004422131579437222,0.179821302037788
2024-10-01,145.13,180.31485682270105,60805.78,980.8518154869322,0.14782186316234303,26.65447809138279,0.00043835434873761654,0.18025965638652564
2024-10-02,140.18,174.20296763060097,60649.28,980.7040158982971,0.1477995886350172,25.747126954802038,0.0004245248575877906,0.18068418124411342
2024-10-03,136.82,170.06473120464238,60752.71,980.556238580833,0.14777731746412698,25.13170977267986,0.0004136722423193938,0.1810978534864328
2024-10-04,143.24,178.0836960359408,62086.0,980.4084835311838,0.14775504964916664,26.312765349497532,0.0004238115734545233,0.18152166505988734
2024-10-05,142.59,177.31443588921687,62058.0,980.2607507459942,0.14773278518963046,26.195155468242177,0.0004221076326701179,0.18194377269255746
2024-10-06,146.48,182.1916774349617,62819.91,980.1130402219092,0.14771052408501284,26.9116281578458,0.0004283932937478866,0.18237216598630535
2024-10-07,143.96,179.0965493929083,62224.0,979.9653519555743,0.14768826633480825,26.45045888638498,0.0004250845154021757,0.18279725050170753
2024-10-08,143.49,178.55096161665077,62160.49,979.8176859436358,0.1476660119385112,26.365908429717006,0.00042415863243222513,0.18322140913413976
2024-10-09,139.33,173.41248927443883,60636.02,979.6700421827402,0.14764376089561634,25.60327210274888,0.0004222452611953898,0.18364365439533514
2024-10-10,139.03,173.07703054769772,60326.39,979.5224206695345,0.1476215132056184,25.549893150586175,0.0004235276327754102,0.18406718202811057
2024-10-11,145.53,181.208522558289,62540.0,979.3748214006665,0.14759926886801206,26.746245442256125,0.0004276662206948533,0.1844948482488054
2024-10-12,146.4,182.33176844657424,63206.22,979.2272443727842,0.14757702788229224,26.90798047586774,0.00042571728661938235,0.1849205655354248
2024-10-13,147.74,184.0409810295678,62870.02,979.0796895825363,0.1475547902479538,27.15612835284552,0.00043194082573610635,0.1853525063611609
2024-10-14,157.59,196.3542373518109,66083.99,978.9321570265718,0.14753255596449177,28.96864251097114,0.0004383609783696647,0.18579086733953057
2024-10-15,154.76,192.87037317277253,67074.14,978.7846467015404,0.14751032503140124,28.450371435643326,0.0004241630445898125,0.18621503038412038
2024-10-16,154.28,192.31431277548003,67620.01,978.6371586040922,0.14748809744817734,28.364072103309255,0.0004194627019917515,0.18663449308611213
2024-10-17,150.5,187.64355594107272,67421.78,978.4896927308779,0.14746587321431526,27.671020829889503,0.0004104166462215845,0.1870449097323337
2024-10-18,154.94,193.22169322160252,68428.0,978.3422490785485,0.14744365232931037,28.489312157846626,0.0004163399800936258,0.18746124971242734
2024-10-19,159.79,199.31367923075732,68378.0,978.1948276437558,0.147421434792658,29.383108566001845,0.0004297158233057686,0.18789096553573312
2024-10-20,167.4,208.85176046078908,69031.99,978.047428423152,0.14739922060385363,30.784586713663046,0.00044594667941143,0.18833691221514454
2024-10-21,166.17,207.36262597696708,67377.5,977.9000514133896,0.1473770097623928,30.56048375296288,0.0004535710549213444,0.18879048327006587
2024-10-22,167.59,209.18047386904755,67426.0,977.7526966111219,0.14735480226777106,30.823747365252153,0.0004571492801775599,0.18924763255024343
2024-10-23,170.85,213.29624114148632,66668.65,977.6053640130024,0.14733259811948413,31.42548937649518,0.00047136831743998386,0.18971900086768342
2024-10-24,177.19,221.25984533651348,68198.28,977.4580536156853,0.14731039731702777,32.593875726825914,0.00047792811969489426,0.1901969289873783
2024-10-25,164.9,205.95826724066688,66698.33,977.3107654158255,0.1472881998598978,30.335222428141584,0.0004548123233091681,0.19065174131068746
2024-10-26,170.88,213.4739993456818,67092.76,977.1634994100779,0.14726600574759016,31.437463214602232,0.0004685671481483581,0.19112030845883582
2024-10-27,176.63,220.705622741209,68021.7,977.0162555950983,0.1472438149796008,32.49753787986415,0.0004777525095648028,0.19159806096840062
2024-10-28,178.29,222.82868170522525,69962.21,976.8690339675429,0.14722162755542578,32.80520118667319,0.00046889886964224237,0.19206695983804287
2024-10-29,179.42,224.2901160704321,72736.42,976.7218345240684,0.14719944347456126,33.01538026241236,0.00045390438878367066,0.19252086422682654
2024-10-30,174.87,218.65014555270315,72344.74,976.5746572613319,0.14717726273650347,32.18032991938492,0.0004448192075800523,0.1929656834344066
2024-10-31,168.69,210.96916130876815,70292.01,976.4275021759912,0.14715508534074867,31.04518493665795,0.0004416602247774385,0.19340734365918402
2024-11-01,166.1,207.77555354113133,69496.01,976.2803692647044,0.1471329112867932,30.57062208673163,0.0004398903201310641,0.19384723397931508
2024-11-02,166.17,207.90867602868263,69374.74,976.1332585241303,0.14711074057413356,30.58559930236711,0.0004408751557464159,0.1942881091350615
2024-11-03,162.53,203.39894956102808,68775.99,975.986169950928,0.1470885732022662,29.91766128177133,0.0004350015358815093,0.194723110670943
2024-11-04,157.95,197.7106108879651,67850.01,975.8391035417574,0.14706640917068778,29.07658959823611,0.0004285421564158371,0.19515165282735883
2024-11-05,166.62,208.60881462062548,69372.01,975.6920592932785,0.14704424847889497,30.67472637196299,0.0004421772754164539,0.19559383010277528
2024-11-06,186.59,233.6625259728135,75571.99,975.5450372021521,0.14702209112638445,34.35355318639616,0.0004545805024638912,0.19604841060523917
2024-11-07,196.35,245.9386504400328,75857.89,975.3980372650394,0.14699993711265308,36.152966148255594,0.0004765880800040127,0.19652499868524317
2024-11-08,199.85,250.37744882676017,76509.78,975.2510594786022,0.14697778643719772,36.79992320234996,0.000480983257334552,0.19700598194257773
2024-11-09,199.89,250.48245013407697,76677.46,975.1041038395027,0.14695563909951542,36.809808542665785,0.00048006035336415395,0.19748604229594188
2024-11-10,210.07,263.2967191851669,80370.01,974.9571703444036,0.14693349509910317,38.687107198003666,0.00048136247834240246,0.1979674047742843
2024-11-11,222.13,278.4734569614175,88647.99,974.8102589899681,0.14691135443545808,40.91091273652609,0.0004614984810882468,0.19842890325537255
2024-11-12,211.64,265.3808127564973,87952.01,974.66336977286,0.1468892171080774,38.981579821307164,0.0004432142008045884,0.19887211745617714
2024-11-13,215.13,269.81613790504014,90375.2,974.5165026897436,0.14686708311645838,39.627109151861326,0.0004384732664697984,0.19931059072264692
2024-11-14,209.57,262.90039290698127,87325.59,974.3696577372834,0.14684495246009835,38.605595698166844,0.00044208800304889836,0.19975267872569583
2024-11-15,218.45,274.1001973435484,91032.07,974.2228349121449,0.14682282513849476,40.24416534499871,0.0004420877757146323,0.20019476650141046
2024-11-16,215.71,270.7215048108192,90586.92,974.0760342109937,0.14680070115114513,39.74210672292137,0.00043871793767711025,0.20063348443908757
2024-11-17,237.47,298.0961769025259,89855.99,973.9292556304962,0.14677858049754702,43.75413369749841,0.00048693619309629117,0.20112042063218386
2024-11-18,239.79,301.07444820176215,90464.08,973.782499167319,0.14675646317719807,44.184621171117136,0.0004884217157916947,0.20160884234797555
2024-11-19,237.63,298.4277996300133,92310.79,973.6357648181294,0.14673434918959602,43.78960895879316,0.0004743715112696269,0.2020832138592452
2024-11-20,235.48,295.7925376796795,94286.56,973.4890525795951,0.14671223853423868,43.396385344708925,0.00046026056465215114,0.20254347442389734
2024-11-21,256.37,322.10359126137814,98317.12,973.3423624483844,0.14669013121062394,47.24941806554474,0.00048058179557685114,0.2030240562194742
2024-11-22,256.9,322.84022792614195,98892.0,973.1956944211662,0.1466680272182497,47.350339336617324,0.00047880859257186956,0.20350286481204607
2024-11-23,254.89,320.3845137624055,97672.4,973.0490484946096,0.1466459265566141,46.983083875078236,0.0004810272285218571,0.20398389204056794
2024-11-24,252.73,317.73912347696705,97900.04,972.9024246653844,0.14662382922521516,46.58812697885637,0.0004758744427362479,0.2044597664833042
2024-11-25,234.18,294.4820819491163,93010.01,972.7558229301609,0.14660173522355108,43.17158420598442,0.0004641606232058724,0.20492392710651006
2024-11-26,230.69,290.1569781550311,91965.16,972.6092432856098,0.14657964455112016,42.53110672199159,0.000462469773575032,0.2053863968800851
2024-11-27,241.96,304.39884752113625,95863.11,972.4626857284023,0.14655755720742067,44.61195150945185,0.00046537141878092467,0.205851768298866
2024-11-28,237.59,298.96666228544706,95643.98,972.3161502552103,0.14653547319195104,43.8092213266162,0.00045804473346483705,0.20630981303233084
2024-11-29,243.33,306.25658741592633,97460.0,972.1696368627062,0.14651339250420978,44.870691599069445,0.0004604011040331361,0.20677021413636398
2024-11-30,237.6,299.11031934502836,96407.99,972.0231455475624,0.14649131514369546,43.817064053903934,0.00045449618910117236,0.20722471032546516
2024-12-01,236.8,298.1685515834044,97185.18,971.8766763064525,0.14646924110990667,43.6725214732613,0.0004493742921838628,0.20767408461764902
2024-12-02,225.72,284.2793780379984,95840.62,971.7302291360502,0.14644717040234217,41.6319105174026,0.0004343869073197002,0.20810847152496872
2024-12-03,233.92,294.6713058360047,95849.69,971.5838040330297,0.1464251030205007,43.14727631422246,0.0004501556167184522,0.2085586271416872
2024-12-04,229.15,288.72575879677356,98587.32,971.4374009940658,0.14640303896388118,42.2703285150002,0.00042876029610096106,0.20898738743778814
2024-12-05,235.84,297.22019404740826,96945.63,971.2910200158339,0.14638097823198254,43.507382754959295,0.000448781267963902,0.20943616870575205
2024-12-06,236.87,298.58369258532167,99740.84,971.1446610950095,0.14635892082430374,43.700387022523344,0.00043813935217031807,0.20987430805792237
2024-12-07,238.14,300.2503700280911,99831.99,970.9983242282691,0.1463368667403439,43.93769838753971,0.0004401164234784833,0.21031442448140086
2024-12-08,237.02,298.9037565608068,101109.59,970.8520094122895,0.1463148159796022,43.73404813680626,0.0004325410491409001,0.21074696553054176
2024-12-09,216.63,273.2499911311787,97276.47,970.7057166437479,0.14629276854157788,39.97449770654174,0.000410936968688746,0.2111579024992305
2024-12-10,213.6,269.48710103395376,96593.0,970.5594459193221,0.14627072442577024,39.41807349163715,0.0004080841623268472,0.21156598666155735
2024-12-11,227.29,286.82185500574883,101125.0,970.4131972356904,0.14624868363167867,41.94731873138697,0.00041480661291853617,0.2119807932744759
2024-12-12,226.96,286.468195112215,100004.29,970.2669705895316,0.14622664615880268,41.88928340242472,0.00041887486429256906,0.21239966813876845
2024-12-13,224.79,283.79141519453856,101424.25,970.120765977525,0.14620461200664175,41.49161374933329,0.0004090896777578665,0.21280875781652633
2024-12-14,219.93,277.71665011104704,101420.0,969.9745833963503,0.14618258117469557,40.59733674842266,0.00040028925999233546,0.21320904707651867
2024-12-15,224.27,283.25905652417777,104463.99,969.8284228426879,0.14616055366246375,41.401300531480935,0.00039632126373385636,0.2136053683402525
2024-12-16,216.19,273.11364608792275,106058.66,969.6822843132185,0.14613852946944614,39.91242661732778,0.00037632407025817394,0.21398169241051068
2024-12-17,223.15,281.9680281267017,106133.74,969.5361678046233,0.14611650859514252,41.2001838053306,0.0003881911991919874,0.21436988360970266
2024-12-18,206.53,261.02451558704274,100204.01,969.3900733135843,0.14609449103905284,38.13424375340433,0.00038056604474615664,0.2147504496544488
2024-12-19,193.81,245.0019338657465,97461.86,969.2440008367836,0.1460724768006771,35.78803930072528,0.0003672004546263049,0.2151176501090751
2024-12-20,194.48,245.90278876338635,97805.44,969.0979503709041,0.14605046587951534,35.914216859964625,0.0003672006062235866,0.2154848507152987
2024-12-21,181.45,229.47778970249,97291.99,968.951921912629,0.14602845827506775,33.51028783862483,0.0003444300793788351,0.21582928079467753
2024-12-22,180.52,228.35166779613084,95186.27,968.8059154586422,0.1460064539868345,33.3408172768927,0.00035026918563877644,0.2161795499803163
2024-12-23,190.11,240.53540056228533,94881.47,968.6599310056279,0.14598445301431595,35.11442888166461,0.00037008731928019886,0.2165496372995965
2024-12-24,197.09,249.42145441546592,98663.58,968.5139685502709,0.14596245535701244,36.40616790519856,0.0003689929749680536,0.21691863027456457
2024-12-25,197.44,249.91915142140033,99429.6,968.3680280892564,0.1459404610144244,36.473316174772904,0.0003668255345970707,0.21728545580916164
2024-12-26,188.46,238.60457107305425,95791.6,968.2221096192703,0.14591846998605235,34.81681394265836,0.0003634641653616638,0.21764891997452332
2024-12-27,184.22,233.2875316596398,94299.03,968.076213136999,0.1458964822713969,34.03583022691858,0.0003609351042838784,0.21800985507880719
2024-12-28,195.5,247.62625475195537,95300.0,967.930338639129,0.14587449786995876,36.12235557135998,0.00037903835856621177,0.2183888934373734
2024-12-29,189.94,240.63652009298593,93738.2,967.7844861223477,0.14585251678123862,35.097442085041095,0.0003744198425512875,0.21876331327992468
2024-12-30,191.38,242.51400983146297,92792.05,967.638655583343,0.14583053900473733,35.36594876992241,0.00038113123667299527,0.21914444451659768
2024-12-31,189.31,239.9435141533233,93576.0,967.4928470188031,0.1458085645399558,34.98581936936864,0.000373875987105333,0.219518320503703
2025-01-01,194.28,246.29677874758823,94591.79,967.3470604254167,0.145786593386395,35.90676833565354,0.0003795970912026672,0.21989791759490568
2025-01-02,208.31,264.14107036011666,96984.79,967.2012957998732,0.14576462554355596,38.50242421171647,0.0003969944587364315,0.2202949120536421
2025-01-03,217.99,276.4760800072323,98174.18,967.0555531388623,0.1457426610109398,40.29435960612753,0.00041043744501993837,0.22070534949866205
2025-01-04,216.67,274.8621584239616,98220.5,966.9098324390742,0.14572069978804775,40.05310607079293,0.00040778764179364726,0.2211131371404557
2025-01-05,213.41,270.7859410635501,98363.61,966.7641336971998,0.14569874187438106,39.453170930229554,0.00040109519089660855,0.2215142323313523
2025-01-06,218.22,276.949812524208,102235.6,966.6184569099304,0.14567678726944108,40.34515892340064,0.00039462925755217004,0.2219088615889045
2025-01-07,202.17,256.6364933812531,96954.61,966.4728020739576,0.14565483597272924,37.38034634806284,0.0003855448064621459,0.22229440639536663
2025-01-08,197.48,250.73790762279185,95060.61,966.3271691859738,0.14563288798374704,36.51568561410916,0.0003841305627442235,0.22267853695811085
2025-01-09,184.95,234.88019127993667,92552.49,966.1815582426718,0.14561094330199606,34.201126215224846,0.00036953221048104535,0.2230480691685919
2025-01-10,187.68,238.3994386403095,94726.11,966.0359692407449,0.14558900192697796,34.70833633159449,0.00036640728022711464,0.223414476448819
2025-01-11,188.09,238.97260485773631,94599.99,965.8904021768867,0.14556706385819443,34.78654043168517,0.000367722453582555,0.22378219890240156
2025-01-12,188.51,239.55871888481647,94545.06,965.7448570477916,0.14554512909514733,34.866604665958725,0.0003687829344648861,0.22415098183686644
2025-01-13,182.87,232.442335676884,94536.1,965.5993338501543,0.14552319763733848,33.82575195399176,0.00035780777876379246,0.22450878961563023
2025-01-14,187.57,238.46866568548995,96560.86,965.45383258067,0.14550126948426984,34.69749358945872,0.00035933289729874737,0.22486812251292898
2025-01-15,205.86,261.7791716383787,100497.35,965.3083532360346,0.14547934463544343,38.0834623291606,0.00037894991588495214,0.22524707242881392
2025-01-16,211.14,268.55226232676335,99987.3,965.1628958129443,0.1454574230903614,39.06292004313774,0.0003906788166410908,0.22563775124545501
2025-01-17,219.51,279.25939012471406,104077.48,965.0174603080958,0.14543550484852585,40.61423038647922,0.0003902307241343586,0.22602798196958937
2025-01-18,261.97,333.3498108040014,104556.23,964.8720467181863,0.1454135899094391,48.47359268464216,0.0004636126674100832,0.22649159463699944
2025-01-19,252.42,321.2680909974294,101331.57,964.7266550399137,0.14539167827260344,46.70970692555174,0.0004609590764808217,0.22695255371348028
2025-01-20,242.19,308.3153979443948,102260.01,964.5812852699762,0.14536976993752124,44.819738467371984,0.00043829194293421237,0.2273908456564145
2025-01-21,250.33,318.74771816301615,106143.82,964.4359374050725,0.14534786490369506,46.32930027791914,0.00043647666230515477,0.22782732231871963
2025-01-22,257.36,327.77091264701085,103706.66,964.2906114419019,0.14532596317062738,47.63362357974242,0.0004593111337279825,0.22828663345244762
2025-01-23,253.11,322.42881245381983,103910.34,964.145307377164,0.14530406473782084,46.850217038128534,0.0004508715594437333,0.22873750501189136
2025-01-24,253.37,322.8307601408537,104870.5,964.0000252075592,0.14528216960477816,46.90155324842297,0.00044723304693334133,0.2291847380588247
2025-01-25,256.41,326.77577503075605,104746.85,963.8547649297882,0.1452602777710021,47.467539849802115,0.00045316436580004183,0.22963790242462473
2025-01-26,240.5,306.5668226940579,102620.0,963.7095265405522,0.1452383892359955,44.525271521282,0.00043388493004562466,0.23007178735467035
2025-01-27,234.89,299.48134670498405,102082.83,963.564310036553,0.1452165039992613,43.489634181488476,0.0004260230068218963,0.23049781036149225
2025-01-28,227.06,289.5616618154802,101335.52,963.4191154144927,0.1451946220603025,42.04279605045178,0.0004148870608297246,0.23091269742232198
2025-01-29,228.16,291.02822630232396,103733.24,963.2739426710741,0.14517274341862219,42.24936602456399,0.00040728859933965224,0.23131998602166162
2025-01-30,238.31,304.04162733215094,104722.94,963.1287918030004,0.14515086807372352,44.13190613780925,0.00042141584391929075,0.23174140186558093
2025-01-31,231.77,295.76254856382366,102429.56,962.9836628069752,0.14512899602510965,42.923721734895466,0.0004190560003859771,0.2321604578659669
2025-02-01,213.03,271.90794891320445,100635.65,962.838555679703,0.14510712727228395,39.45578134929404,0.0003920656482001562,0.23255252351416705
2025-02-02,203.51,259.8137122412978,97700.59,962.6934704178882,0.14508526181474976,37.69514046359075,0.00038582305862831274,0.23293834657279536
2025-02-03,216.28,276.17721905583943,101328.52,962.5484070182362,0.14506339965201057,40.063206302678104,0.0003953793690332998,0.23333372594182866
2025-02-04,206.64,263.9253230847844,97763.13,962.4033654774526,0.14504154078356984,38.2801355120186,0.0003915600442827332,0.2337252859861114
2025-02-05,196.12,250.54384072605475,96612.43,962.2583457922436,0.14501968520893121,36.33378891312906,0.00037607778743510605,0.2341013637735465
2025-02-06,189.54,242.19094389875485,96554.35,962.113347959316,0.14499783292759835,35.117162020009005,0.00036370357234043833,0.23446506734588696
2025-02-07,191.99,245.37528075362044,96506.8,961.968371975377,0.14497598393907501,35.5735227615829,0.00036861156686972214,0.23483367891275667
2025-02-08,199.32,254.79931540966427,96444.74,961.8234178371341,0.14495413824286504,36.93421519007985,0.0003829572788529457,0.23521663619160962
2025-02-09,200.47,256.3255784319403,96462.75,961.6784855412957,0.14493229583847228,37.1498545642655,0.00038512124695040835,0.23560175743856004
2025-02-10,200.47,256.3817593806378,97430.82,961.5335750845703,0.14491045672540073,37.15239784791002,0.0003813207961085621,0.2359830782346686
2025-02-11,197.96,253.22720160224424,95778.2,961.3886864636671,0.14488862090315444,36.68974001531423,0.00038306984277543564,0.23636614807744405
2025-02-12,196.78,251.7729358749549,97869.99,961.2438196752959,0.1448667883712375,36.473536619002246,0.000372673345721219,0.23673882142316527
2025-02-13,194.25,248.5903654470905,96608.14,961.0989747161667,0.14484495912915418,36.007061323085324,0.0003727124994134586,0.23711153392257872
2025-02-14,199.39,255.2241793678974,97500.48,960.9541515829903,0.14482313317640869,36.962365318436625,0.00037909931641809993,0.23749063323899683
2025-02-15,194.48,248.99381877930907,97569.66,960.8093502724778,0.14480131051250542,36.054631268757234,0.00036952707705199784,0.2378601603160488
2025-02-16,188.27,241.0959528292914,96118.12,960.6645707813408,0.1447794911369487,34.9057493658026,0.00036315472426845844,0.23822331504031727
2025-02-17,177.53,227.3922861552181,95780.0,960.5198131062915,0.14475767504924314,32.91677866796157,0.00034367068978869884,0.23856698573010596
2025-02-18,169.32,216.9239041282454,95671.74,960.3750772440426,0.14473586224889326,31.396668306397853,0.00032817076710842563,0.23889515649721438
2025-02-19,168.93,216.47169203502636,96644.37,960.2303631913072,0.1447140527354037,31.32649585687887,0.0003241419635399235,0.2392192984607543
2025-02-20,176.0,225.58082204356265,98305.0,960.085670944799,0.1446922465082792,32.63979591066743,0.0003320257963548897,0.23955132425710918
2025-02-21,168.94,216.57941403612224,96181.98,959.9410005012319,0.14467044356702452,31.33263989609206,0.0003257641389384172,0.2398770883960476
2025-02-22,172.07,220.64039211129884,96551.01,959.7963518573207,0.14464864391114454,31.915333510922572,0.00033055411342587275,0.24020764250947346
2025-02-23,167.94,215.3918111930188,96258.0,959.6517250097805,0.14462684754014424,31.151438638808266,0.0003236244118806568,0.24053126692135413
2025-02-24,141.81,181.91858685746465,91552.88,959.507119955327,0.1446050544535286,26.306347158632644,0.00028733500419246934,0.2408186019255466
2025-02-25,144.33,185.1919078254739,88680.4,959.3625366906762,0.1445832646508027,26.775650620317553,0.00030193425627666944,0.24112053618182328
2025-02-26,135.32,173.66910279717797,84250.09,959.2179752125447,0.14456147813147177,25.105862206126567,0.00029799211141645746,0.24141852829323973
2025-02-27,137.68,176.7366449016435,84708.58,959.0734355176497,0.144539694895041,25.545460730856757,0.00030156875172334085,0.24172009704496308
2025-02-28,148.18,190.256944076002,84349.94,958.9289176027087,0.14451791494101573,27.495536860913244,0.00032596984492120853,0.24204606688988428
2025-03-01,143.66,184.49388061690445,86064.53,958.7844214644398,0.14449613826890131,26.658653283386396,0.0003097519185126137,0.2423558188083969
2025-03-02,178.71,229.5567861895106,94270.0,958.6399470995616,0.14447436487820325,33.16507088821105,0.000351809386742453,0.24270762819513936
2025-03-03,142.16,182.6475593800284,86220.61,958.4954945047932,0.1444525947684271,26.38391388056547,0.00030600472300724237,0.2430136329181466
2025-03-04,144.79,186.06736357203792,87281.98,958.3510636768541,0.14443082793907844,26.87386337315096,0.0003078970409831555,0.24332152995912976
2025-03-05,146.28,188.02334082381816,90606.01,958.2066546124645,0.14440906438966294,27.1522747317863,0.00029967410254337764,0.24362120406167315
2025-03-06,143.31,184.24617763102628,89931.89,958.0622673083448,0.14438730411968645,26.602808882500764,0.00029581062827102557,0.24391701468994417
2025-03-07,139.39,179.2457166134129,86801.75,957.9179017612161,0.1443655471286547,25.876905949363145,0.00029811502589939884,0.24421512971584358
2025-03-08,137.01,176.22382027699965,86222.45,957.7735579678,0.14434379341607367,25.43681470905453,0.0002950138242308648,0.24451014354007444
2025-03-09,126.51,162.75426520660002,80734.37,957.6292359248185,0.14432204298144932,23.489028058561132,0.0002909421112539942,0.24480108565132844
2025-03-10,118.32,152.25124804465364,78595.86,957.4849356289942,0.14430029582428774,21.96990013246053,0.00027952999219628784,0.24508061564352474
2025-03-11,125.35,161.3326309078334,82932.99,957.3406570770501,0.14427855194409503,23.27683836871335,0.00028067043487414777,0.24536128607839888
2025-03-12,126.62,163.002912499112,83680.12,957.1964002657097,0.14425681134037743,23.51428039631645,0.0002810019918269292,0.2456422880702258
2025-03-13,123.37,158.85386916576704,81115.78,957.0521651916971,0.1442350740126412,22.912299576318834,0.00028246414663483276,0.24592475221686064
2025-03-14,133.54,171.98666765681597,83983.2,956.9079518517367,0.14421333996039273,24.802771771447482,0.0002953301585489417,0.24622008237540957
2025-03-15,135.86,175.0129549703544,84338.44,956.7637602425535,0.14419160918313842,25.235399605071546,0.0002992158688857838,0.24651929824429536
2025-03-16,126.13,162.5145166462812,82574.53,956.6195903608732,0.14416988168038478,23.429698636239284,0.0002837400180932218,0.24680303826238859
2025-03-17,128.01,164.9729877385061,84010.03,956.4754422034216,0.14414815745163845,23.780552211797396,0.0002830680123765864,0.24708610627476518
2025-03-18,125.33,161.55453709431322,82715.03,956.3313157669252,0.144126436496406,23.2842797312298,0.00028149998532588094,0.24736760626009108
2025-03-19,135.33,174.48310407604893,86845.94,956.187211048111,0.1441047188141942,25.143838650706815,0.000289522327131318,0.24765712858722239
2025-03-20,127.6,164.55275157457442,84223.39,956.0431280437065,0.14408300440450988,23.709254829893627,0.0002815043995485533,0.24793863298677093
2025-03-21,128.48,165.72391322716038,84088.79,955.8990667504396,0.1440612932668599,23.874401264749594,0.0002839189535816795,0.24822255194035261
2025-03-22,128.51,165.7989411885923,83840.59,955.7550271650389,0.14403958540075118,23.881610748688363,0.0002848454519307219,0.24850739739228334
2025-03-23,132.84,171.422914060152,86082.5,955.6110092842332,0.1440178808056908,24.68796480447915,0.0002867942358142381,0.24879419162809757
2025-03-24,141.01,182.0057449553273,87498.16,955.467013104752,0.14399617948118584,26.208131917194244,0.000299527806266946,0.2490937194343645
2025-03-25,143.64,185.44099882902125,87392.87,955.3230386233253,0.14397448142674346,26.698771641665676,0.0003055028590051531,0.24939922229336967
2025-03-26,137.34,177.34648363187696,86909.17,955.1790858366834,0.14395278664187094,25.529520519945642,0.0002937494457713224,0.24969297173914098
2025-03-27,138.43,178.79317436463054,87232.01,955.0351547415573,0.14393109512607558,25.733897387368657,0.0002950052095253641,0.24998797694866634
2025-03-28,129.49,167.28312174880182,84424.38,954.8912453346785,0.1439094068788648,24.073614831715,0.00028515003405076825,0.2502731269827171
2025-03-29,124.58,160.97535722818998,82648.54,954.7473576127787,0.14388772189974608,23.162377433562078,0.00028025150152152816,0.25055337848423864
2025-03-30,124.82,161.3208221397796,82389.99,954.6034915725905,0.14386604018822693,23.208587881159342,0.0002816918400057985,0.25083507032424446
2025-03-31,124.54,160.99422106365373,82550.01,954.4596472108467,0.143844361743815,23.15811097334393,0.00028053432062993003,0.25111560464487437
2025-04-01,126.67,163.78358528188383,85158.34,954.3158245242806,0.14382268656601802,23.55579525065506,0.0002766117241206799,0.25139221636899506
2025-04-02,117.42,151.85666456304355,82516.29,954.1720235096262,0.14380101465434367,21.837142446189976,0.00026464038126520204,0.2516568567502603
2025-04-03,117.17,151.56655793234592,83213.09,954.028244163618,0.14377934600829986,21.79214057624179,0.0002618835639469919,0.2519187403142073
2025-04-04,122.79,158.8711849500734,83889.87,953.8844864829906,0.1437576806273945,22.838953066948374,0.00027224923661162397,0.2521909895508189
2025-04-05,120.32,155.7095092901287,83537.99,953.7407504644794,0.14373601851113557,22.381064909685772,0.0002679148122870298,0.252458904363106
2025-04-06,105.91,137.09116221093552,78430.0,953.5970361048204,0.14371435965903115,19.701968592056968,0.00025120449562739984,0.25271010885873335
2025-04-07,106.99,138.51948082260623,79163.24,953.4533434007498,0.1436927040705894,19.90423876585444,0.00025143284643041946,0.2529615417051638
2025-04-08,105.4,136.4908240813386,76322.42,953.3096723490045,0.14367105174531847,19.609780249351157,0.0002569334181142469,0.253218475123278
2025-04-09,119.05,154.2010823768807,82615.22,953.1660229463217,0.14364940268272672,22.150893376468847,0.00026812121757309183,0.2534865963408511
2025-04-10,112.81,146.15066609516762,79607.3,953.0223951894394,0.14362775688232246,20.991292338106224,0.0002636855205252059,0.25375028186137627
2025-04-11,121.41,157.32684602341115,83423.84,952.8787890750958,0.14360611434361417,22.593097039358163,0.00027082302899696494,0.2540211048903732
2025-04-12,132.24,171.39825464691816,85276.9,952.7352046000298,0.14358447506611033,24.61012842072525,0.000288590795640147,0.25430969568601336
2025-04-13,128.38,166.43172073312266,83760.0,952.5916417609805,0.14356283904931957,23.89341033631059,0.00028526039083465367,0.254594956076848
2025-04-14,129.42,167.81674952508814,84591.58,952.4481005546877,0.1435412062927505,24.088618662959515,0.0002847637869272511,0.2548797198637753
2025-04-15,126.11,163.56056891917885,83643.99,952.3045809778918,0.14351957679591185,23.47414363177912,0.0002806435182226376,0.25516036338199793
2025-04-16,131.33,170.36807193020545,84030.38,952.1610830273335,0.14349795055831246,24.44746916255564,0.0002909360776728088,0.25545129945967077
2025-04-17,134.83,174.94678914391486,84947.91,952.017606699754,0.14347632757946122,25.10072282818726,0.0002954837008725377,0.2557467831605433
2025-04-18,134.04,173.95985547624608,84474.69,951.8741519918951,0.14345470785886705,24.955360246515614,0.0002954181926742272,0.2560422013532175
2025-04-19,139.87,181.56593535547893,85077.01,951.7307189004991,0.143433091396039,26.042563400249715,0.00030610576700156386,0.25634830712021905
2025-04-20,137.86,178.99596785952235,85179.24,951.5873074223086,0.1434114781904862,25.670076340870857,0.00030136540712115834,0.2566496725273402
2025-04-21,136.56,177.34692363161452,87516.23,951.443917554067,0.14338986824171776,25.429752012611186,0.0002905718403616242,0.25694024436770185
2025-04-22,148.79,193.27205856445988,93442.99,951.3005492925178,0.14336826154924298,27.70907904243009,0.00029653459336468247,0.25723677896106656
2025-04-23,151.1,196.31567172565065,93691.08,951.1572026344052,0.1433466581125712,28.1411954769966,0.00030036152296458317,0.25753714048403115
2025-04-24,152.55,198.2430156005868,93980.47,951.013877576474,0.14332505793121175,28.41319169541222,0.0003023308108100781,0.25783947129484125
2025-04-25,150.82,196.0377897142264,94638.68,950.8705741154694,0.14330346100467417,28.092893753755156,0.00029684367695909493,0.25813631497180034
2025-04-26,149.21,193.98759937143728,94628.0,950.7272922481369,0.143281867332468,27.79490547728223,0.00029372812991167765,0.258430043101712
2025-04-27,147.98,192.43064636062303,93749.3,950.5840319712228,0.14326027691410284,27.567667684382652,0.00029405731759471964,0.25872410041930677
2025-04-28,147.84,192.29072944685296,95011.18,950.4407932814737,0.14323868974908838,27.543472136863663,0.00028989716933168984,0.25901399758863847
2025-04-29,146.31,190.34241743739503,94256.82,950.2975761756368,0.1432171058369344,27.26029014338935,0.00028921292001352636,0.259303210508652
2025-04-30,147.54,191.9846591016043,94172.0,950.1543806504596,0.14319552517715076,27.491344086010486,0.0002919269431042187,0.2595951374517562
2025-05-01,150.85,196.33477983523665,96489.91,950.0112067026904,0.14317394776924736,28.11002551341685,0.0002913260621076012,0.2598864635138638
2025-05-02,148.05,192.7327483177764,96887.14,949.8680543290777,0.14315237361273417,27.59015039459539,0.0002847658667042436,0.260171229380568
2025-05-03,146.71,191.03018538352575,95856.42,949.7249235263706,0.1431308027071213,27.34230377523423,0.00028524227981009757,0.2604564716603781
2025-05-04,143.95,187.47748837263973,94277.62,949.5818142913187,0.14310923505191886,26.829759950463483,0.0002845824910563449,0.26074105415143445
2025-05-05,146.72,191.12696046648287,94733.68,949.438726620672,0.14308767064663708,27.347911570920925,0.00028868203548010514,0.26102973618691455
2025-05-06,146.88,191.3773233369118,96834.02,949.2956605111813,0.14306610949078621,27.379609094572217,0.000282747830716645,0.2613124840176312
2025-05-07,147.32,191.9926927878815,97030.5,949.1526159595974,0.14304455158387663,27.463508647223495,0.0002830399580258114,0.261595523975657
2025-05-08,164.46,214.3771302590233,103261.6,949.009592962672,0.14302299692541878,30.66085964191639,0.00029692411934268293,0.2618924480949997
2025-05-09,172.78,225.27179216816708,102971.99,948.8665915171571,0.1430014455149232,32.21419191378524,0.00031284422019799016,0.2622052923151977
2025-05-10,177.89,231.98508139480515,104809.53,948.7236116198052,0.1429798973519004,33.169203125001495,0.00031647125146922703,0.2625217635666669
2025-05-11,173.19,225.90534753691017,104118.0,948.5806532673694,0.14295835243586105,32.29505629032728,0.0003101774552942554,0.26283194102196117
2025-05-12,174.22,227.29866556957728,102791.32,948.4377164566031,0.14293681076631595,32.4893463479548,0.00031607091287430496,0.26314801193483545
2025-05-13,183.75,239.784663176671,104103.72,948.2948011842603,0.14291527234277582,34.2688904415147,0.0003291802679242845,0.2634771922027597
2025-05-14,176.64,230.55698674598375,103507.82,948.1519074470956,0.14289373716475157,32.945149465577714,0.0003182865745368583,0.2637954787772966
2025-05-15,169.16,220.84221040925604,103763.71,948.0090352418638,0.14287220523175415,31.55221360942546,0.00030407753933842053,0.264099556316635
2025-05-16,167.4,218.59239071864775,103463.9,947.8661845653205,0.14285067654329456,31.226070901375014,0.0003018064358812592,0.26440136275251624
2025-05-17,165.94,216.73340269375944,103126.65,947.7233554142216,0.14282915109888392,30.95584792152222,0.0003001731164691399,0.26470153586898537
2025-05-18,173.3,226.3958719620948,106454.26,947.5805477853236,0.1428076288980334,32.331057667209514,0.0003037084440510837,0.26500524431303646
2025-05-19,166.86,218.0305537093468,105573.74,947.4377616753833,0.14278610994025426,31.131734612277302,0.0002948814223335964,0.26530012573537004
2025-05-20,168.59,220.33937161466577,106849.99,947.2949970811583,0.14276459422505777,31.45666098037197,0.0002944002239061695,0.2655945259592762
2025-05-21,173.53,226.8454329314683,109643.99,947.1522539994063,0.14274308175195535,32.380616177994284,0.0002953250440630105,0.2658898510033392
2025-05-22,179.68,234.9364432508564,111696.21,947.0095324268858,0.1427215725204585,33.53049862312569,0.00030019370060206776,0.26619004470394125
2025-05-23,174.01,227.5726334201283,107318.3,946.8668323603557,0.1427000665300787,32.47462992947752,0.000302601046880891,0.26649264575082215
2025-05-24,175.87,230.0555786886194,107761.91,946.7241537965754,0.1426785637803276,32.82399955694435,0.00030459741811317514,0.2667972431689353
2025-05-25,175.74,229.93591153383468,109004.19,946.5814967323047,0.14265706427071684,32.80198210982812,0.00030092404805565835,0.267098167216991
2025-05-26,174.91,228.9001093108081,109434.79,946.438861164304,0.14263556800075824,32.649297106982765,0.00029834476866984227,0.26739651198566083
2025-05-27,176.71,231.3064080786677,108938.17,946.296247089334,0.14261407496996362,32.98754942276411,0.00030280983628386737,0.2676993218219447
2025-05-28,172.21,225.46549214184697,107781.78,946.1536545041562,0.14259258517784484,32.14970739290102,0.0002982851776330009,0.26799760699957775
2025-05-29,166.71,218.3124703486212,105589.75,946.0110834055323,0.14257109862391396,31.125048740903562,0.000294773391744024,0.26829238039132175
2025-05-30,156.2,204.59409711746864,103985.48,945.8685337902247,0.14254961530768295,29.16480983831788,0.0002804700217599407,0.2685728504130817
2025-05-31,156.45,204.9664667714334,104591.88,945.726005654996,0.142528135228664,29.213488293340326,0.000279309333509832,0.26885215974659155
2025-06-01,157.68,206.62317751109777,105642.93,945.5834989966096,0.14250665838636928,29.44517857228015,0.00027872360764965676,0.2691308833542412
2025-06-02,156.83,205.55438439814327,105857.99,945.4410138118293,0.14248518478031105,29.28845444337253,0.00027667684265847604,0.26940756019689965
2025-06-03,155.19,203.44944648513308,105376.89,945.2985500974193,0.1424637144100017,28.984163840930922,0.00027505237477525594,0.2696826125716749
2025-06-04,153.26,200.96331133479617,104696.86,945.1561078501443,0.1424422472749536,28.625665686344526,0.00027341474888878734,0.26995602732056373
2025-06-05,144.29,189.2428011125704,101508.68,945.0136870667696,0.14242078337467928,26.952107982470903,0.0002655153035432133,0.27022154262410697
2025-06-06,147.83,193.92816524095016,104288.44,944.871287744061,0.14239932270869132,27.61523938445048,0.00026479674434146756,0.27048633936844846
2025-06-07,150.06,196.89669719844588,105552.15,944.7289098787844,0.14237786527650234,28.033731427108602,0.0002655912875967813,0.27075193065604525
2025-06-08,152.45,200.0765062961784,105734.0,944.5865534677068,0.14235641107762506,28.48217337727381,0.00026937572944628796,0.27102130638549154
2025-06-09,161.16,211.55393246998565,110263.02,944.4442185075952,0.14233496011157226,30.11152053956166,0.0002730881172995412,0.2712943945027911
2025-06-10,165.12,216.79971215661504,110274.39,944.3019049952173,0.14231351237785683,30.85352851951623,0.0002797887027034675,0.27157418320549453
2025-06-11,160.97,211.3971572025432,108645.12,944.1596129273413,0.14229206787599166,30.08013864145596,0.0002768659893923994,0.27185104919488695
2025-06-12,152.32,200.08121092515597,105671.73,944.0173423007358,0.1422706266054898,28.46567925030711,0.0002693783782124804,0.27212042757309945
2025-06-13,148.6,195.23755620476385,106066.59,943.8750931121699,0.1422491885658643,27.772383947709983,0.0002618391328288199,0.2723822667059283
2025-06-14,144.64,190.076376409266,105414.64,943.7328653584133,0.14222775375662836,27.03413605888929,0.00025645523296279613,0.2726387219388911
2025-06-15,152.97,201.0671744855006,105594.01,943.5906590362359,0.14220632217729517,28.593023394163524,0.00027078262672440914,0.2729095045656155
2025-06-16,150.72,198.1531456897543,106794.53,943.4484741424086,0.14218489382737803,28.174383981458686,0.0002638186055171429,0.2731733231711327
2025-06-17,147.57,194.0543311869469,104551.17,943.3063106737022,0.14216346870639035,27.587436839035036,0.00026386540522726847,0.27343718857635996
2025-06-18,146.34,192.479060957721,104886.78,943.1641686268883,0.14214204681384554,27.359367693337408,0.00026084667384523966,0.2736980352502052
2025-06-19,147.04,193.4421506618358,104658.59,943.0220479987391,0.14212062814925716,27.492119962603347,0.0002626838366788942,0.2739607190868841
2025-06-20,140.11,184.36561583367907,103297.99,942.8799487860271,0.1420992127121388,26.198208861154427,0.0002536177989635077,0.27421433688584756
2025-06-21,135.43,178.24643444412698,102120.01,942.7378709855251,0.14207780050200408,25.324861353146222,0.0002479911758052729,0.2744623280616528
2025-06-22,131.71,173.38834445055429,100963.87,942.5958145940067,0.1420563915183668,24.63092254398938,0.00024395778949429516,0.27470628585114715
2025-06-23,144.51,190.28047573619355,105333.93,942.453779608246,0.14203498576074075,27.02648466173723,0.0002565790971792017,0.27496286494832634
2025-06-24,145.92,192.17917554649603,106083.0,942.3117660250174,0.14201358322863983,27.292053341283697,0.00025727075347872606,0.27522013570180504
2025-06-25,143.57,189.12562782122055,107340.58,942.1697738410958,0.14199218392157797,26.85436092987465,0.00025017901831604275,0.27547031472012107
2025-06-26,139.06,183.22472763595437,106947.06,942.0278030532567,0.14197078783906925,26.012558934075326,0.00024322836863468081,0.27571354308875573
2025-06-27,142.09,187.2580736372462,107047.59,941.885853658276,0.14194939498062772,26.581170258044935,0.0002483117112495941,0.27596185480000535
2025-06-28,150.72,198.6749443260404,107296.79,941.7439256529302,0.14192800534576763,28.197538560376348,0.00026279946082614724,0.2762246542608315
2025-06-29,153.32,202.14648894043088,108356.93,941.6020190339962,0.1419066189340032,28.685924774916415,0.00026473548830625247,0.2764893897491377
2025-06-30,154.81,204.1557329577156,107146.5,941.4601337982513,0.14188523574484874,28.966684299367863,0.0002703465283454696,0.2767597362774832
2025-07-01,146.88,193.7404974948032,105681.14,941.3182699424734,0.14186385577781868,27.484773994925604,0.0002600726486762501,0.2770198089261594
2025-07-02,152.27,200.8941414533545,108849.6,941.176427463441,0.1418424790324275,28.49532304683496,0.0002617861990015118,0.27728159512516093
2025-07-03,152.36,201.0569386306485,109584.78,941.0346063579328,0.14182110550818974,28.514117306690828,0.0002602014377059554,0.27754179656286687
2025-07-04,147.7,194.9502400377339,107984.24,940.8928066227282,0.14179973520462003,27.64389241542778,0.00025599932374787077,0.27779779588661474
2025-07-05,147.55,194.79493943750467,108198.12,940.751028254607,0.14177836812123304,27.617708631723833,0.0002552512800751421,0.2780530471666899
2025-07-06,151.86,200.5289266855951,109203.84,940.6092712503495,0.14175700425754353,28.426379913930543,0.0002603056807702966,0.27831335284746017
2025-07-07,148.88,196.6369689915487,108262.94,940.4675356067364,0.14173564361306637,27.87046735813973,0.0002574331286231441,0.2785707859760833
2025-07-08,151.67,200.3658371744284,108922.98,940.3258213205492,0.14171428618731646,28.394701591498198,0.00026068605166235993,0.27883147202774566
2025-07-09,157.05,207.51863720328865,111233.99,940.1841283885693,0.14169293197980878,29.403924145788196,0.00026434297776954863,0.2790958150055152
2025-07-10,164.34,217.19890227600183,116010.0,940.0424568075792,0.1416715809900584,30.77091187474637,0.00026524361584989546,0.2793610586213651
2025-07-11,162.93,215.38258165629568,117527.66,939.9008065743617,0.14165023321758044,30.508992922618848,0.00025958989503082805,0.27962064851639595
2025-07-12,160.69,212.4680093406197,117420.0,939.7591776856998,0.14162888866189013,30.09160803911606,0.00025627327575469306,0.2798769217921506
2025-07-13,161.15,213.1229335475238,119086.64,939.6175701383773,0.14160754732250272,30.17981589784158,0.0002534273861269541,0.28013034917827756
2025-07-14,162.21,214.5718162216868,119841.18,939.4759839291784,0.14158620919893358,30.380410059758876,0.00025350559849092675,0.28038385477676847
2025-07-15,163.98,216.9607195084619,117758.09,939.3344190548877,0.1415648742906981,30.71401698323482,0.0002608229887495188,0.280644677765518
2025-07-16,173.63,229.77891426771157,118630.43,939.1928755122904,0.14154354259731186,32.523721539615906,0.0002741600240310678,0.28091883778954907
2025-07-17,175.87,232.79430343515807,119177.56,939.0513532981721,0.14152221411829033,32.945565256268694,0.0002764410116826414,0.2811952788012317
2025-07-18,177.28,234.71211430560865,117924.84,938.909852409319,0.14150088885314924,33.211972798845586,0.0002816367849118607,0.2814769155861436
2025-07-19,176.96,234.33979712156895,117840.0,938.7683728425176,0.14147956680140425,33.15429298108853,0.0002813500762142611,0.28175826566235784
2025-07-20,181.43,240.3118672364009,117265.12,938.626914594555,0.14145824796257114,33.994095703875274,0.0002898909386173423,0.2820481566009752
2025-07-21,195.72,259.29640876405784,117380.36,938.4854776622188,0.14143693233616583,36.674088621372846,0.0003124380315529178,0.2823605946325281
2025-07-22,205.7,272.57797692415596,119954.42,938.3440620422971,0.1414156199217042,38.5467835837335,0.0003213452541701548,0.28268193988669826
2025-07-23,189.4,251.03346706868203,118755.99,938.2026677315783,0.14139431071870232,35.49470404350235,0.0002988876943681102,0.28298082758106635
2025-07-24,182.87,242.43163579363863,118340.99,938.0612947268517,0.1413730047266762,34.27328879294991,0.000289614687125314,0.28327044226819165
2025-07-25,186.76,247.6428934452778,117614.31,937.9199430249065,0.14135170194514204,35.004744463109475,0.0002976231758117654,0.2835680654440034
2025-07-26,184.88,245.20375368006836,117919.99,937.7786126225329,0.14133040237361605,34.6547451711251,0.00029388354910075124,0.2838619489931042
2025-07-27,188.64,250.24542529287407,119415.55,937.6373035165213,0.14130910601161456,35.36195733163231,0.0002961252310242034,0.28415807422412837
2025-07-28,183.11,242.96269667016784,118062.32,937.4960157036627,0.1412878128586539,34.32766801876857,0.000290758880723067,0.2844488331048514
2025-07-29,181.48,240.85268080623123,117950.76,937.3547491807484,0.14126652291425054,34.02442075207214,0.00028846292090082453,0.28473729602575226
2025-07-30,177.77,235.98063411512217,117840.3,937.2135039445704,0.141245236177921,33.331140399005996,0.0002828500979631416,0.2850201461237154
2025-07-31,172.22,228.66339839536232,115764.08,937.0722799919213,0.14122395264918186,32.292748947587654,0.0002789530996798632,0.28529909922339525
2025-08-01,162.71,216.08394061969423,113297.93,936.9310773195938,0.1412026723275498,30.511629862568412,0.0002693043894320789,0.2855684036128273
2025-08-02,158.48,210.5124986730251,112546.35,936.7898959243812,0.14118139521254153,29.720448272335982,0.00026407296435944816,0.28583247657718674
2025-08-03,161.97,215.1954988733432,114208.8,936.6487358030776,0.1411601213036739,30.377022724965745,0.0002659779520051497,0.2860984545291919
2025-08-04,169.55,225.3157612672687,115055.03,936.5075969524771,0.14113885060046374,31.80080756743079,0.0002763964997221833,0.2863748510289141
2025-08-05,164.09,218.10773655126812,114129.75,936.3664793693747,0.14111758310242806,30.778836638056063,0.0002696828534019926,0.2866445338823161
